{
  "mean": [
    113.23868492823655,
    129.25312087588128,
    134.12423915713265
  ],
  "std": [
    63.163698695794174,
    7.118415793794093,
    14.879107064173155
  ]
}